{
  "train_loss": [
    3.14204091883834,
    0.9778837690900641,
    0.6399047675095109,
    0.5102281084159641,
    7.66197045542885,
    6.852139485110143,
    6.3837513792033915,
    5.29348162329121,
    4.565404760862865,
    3.653420269109641,
    3.2339133993582108,
    2.916561673401268,
    2.680366752760172,
    2.481654745504861,
    2.2915229544265,
    2.133369681941476,
    1.9889490401922012,
    1.8628730181675808,
    1.7419959220663503,
    1.7018726173226748,
    1.6741615946378932,
    1.6580024824780264,
    1.7420701983121802,
    1.7232527499998704,
    1.7144136071964433
  ],
  "val_loss": [
    0.8648699760437012,
    0.44172104597091677,
    0.295688259601593,
    0.2519108489155769,
    6.824408769607544,
    6.687654209136963,
    5.52222695350647,
    4.586871910095215,
    4.022828888893128,
    3.151118803024292,
    2.8284162521362304,
    2.6090681552886963,
    2.4587615489959718,
    2.265775537490845,
    2.1630077242851256,
    2.1018499612808226,
    1.990382981300354,
    1.9139816164970398,
    1.8881274223327638,
    1.87745703458786,
    1.8587050557136535,
    1.8579883933067323,
    1.8503814220428467,
    1.8470765709877015,
    1.848258411884308
  ],
  "learning_rates": [
    4.540020396016458e-05,
    3.2938978660636446e-05,
    1.7417292666999284e-05,
    4.818725469819585e-06,
    1.2536418701427354e-07,
    1.438951567257929e-07,
    1.2291216855583876e-06,
    3.334471459537472e-06,
    6.369593747184391e-06,
    2.245788848407161e-05,
    2.6339627980141334e-05,
    3.018905206004844e-05,
    3.391330230117591e-05,
    3.742253980927794e-05,
    4.0632112373316036e-05,
    4.346459650359796e-05,
    4.5851665093791705e-05,
    4.773573565379944e-05,
    8.335621794760904e-06,
    6.151043978482895e-06,
    4.258074661184547e-06,
    2.6859995996261434e-06,
    1.4591400585218657e-06,
    5.964765410269579e-07,
    1.1135514509904854e-07
  ],
  "time_per_epoch": [
    8797.713372945786,
    8792.641648292542,
    8793.670637845993,
    8793.035096168518,
    351.6804461479187,
    347.7845890522003,
    350.95328164100647,
    348.3158369064331,
    348.23013854026794,
    351.0093126296997,
    348.5600264072418,
    348.57297945022583,
    348.5282690525055,
    348.43517231941223,
    348.3991701602936,
    348.5625422000885,
    348.332537651062,
    348.5962076187134,
    351.26151299476624,
    349.08946561813354,
    348.70383286476135,
    348.93110632896423,
    351.4361665248871,
    348.29000520706177,
    347.8610780239105
  ]
}